secureCredential,trustedAccountId,accountId,Team,period,Name,guid,privateLocation,Tier,account,Business,monitorType,monitorStatus,publicLocation
,765705,1567277,,10,,MTU2NzI3N3xTWU5USHxNT05JVE9SfDBjZGJiNmVhLTc1ZjctNGI2Yi1iNDkwLWEyYmFmZTI3MzViNA,,,Video Demo,,Simple Browser,Enabled,"Montreal, Québec, CA"
API_KEY,765705,2119955,,1,,MjExOTk1NXxTWU5USHxNT05JVE9SfDQxNzhlYzM3LWExMzEtNDg5OC05YjNlLTI5NTRhYjJmZWQ1OQ,,,Demotron Rotate,,Scripted API,Enabled,"Portland, OR, USA"
,2040817,2040817,,5,,MjA0MDgxN3xTWU5USHxNT05JVE9SfDFkMTk1ZGZlLWMzYjMtNDMxNy05MzM3LTRhYzI4MGRjOTU2Yw,,,Demotron Distributed Tracing,,Scripted API,Enabled,"Cape Town, ZA"
,765705,2040817,,10,,MjA0MDgxN3xTWU5USHxNT05JVE9SfDE5YjdlNGZiLTEwZmUtNGQyZi1hOWQwLWQ4NGE0NWZjYTViMw,,,Demotron Distributed Tracing,,Scripted Browser,Enabled,"Montreal, Québec, CA"
,765705,1567277,,10,,MTU2NzI3N3xTWU5USHxNT05JVE9SfDIzZDkxOGVlLWZkMmUtNDJkMy1iZWRkLWI4NDAxOWE5ZDUwNA,,,Video Demo,,Scripted Browser,Disabled,"Montreal, Québec, CA"
,765705,1567277,,10,,MTU2NzI3N3xTWU5USHxNT05JVE9SfGM1ODU4YjMzLWQ1ZGQtNDhkYy1iYjRlLTUzYWQzMmJlYmFhYw,,,Video Demo,,Simple Browser,Disabled,"Singapore, SG"
,765705,1567277,,5,,MTU2NzI3N3xTWU5USHxNT05JVE9SfDRjMWIzM2UxLWNhMmYtNDFjNC1hZmI2LWM1YWU3MjVkNDYzYw,,,Video Demo,,Scripted Browser,Disabled,"Frankfurt, DE"
,765705,2246998,,5,,MjI0Njk5OHxTWU5USHxNT05JVE9SfDE2MjJiMTVmLThkYzgtNDE1NS05MmRlLWI5NWQxYmFiODM3Yw,,,Demotron_CAS,,Scripted Browser,Enabled,"Columbus, OH, USA"
,1214442,2633508,,5,,MjYzMzUwOHxTWU5USHxNT05JVE9SfDBkNTRiMWQ2LTY0NDgtNGUyNS05ZDVkLWRkNzViOWRiODBjMw,,,GCP DEMO,,Simple Browser,Enabled,"Washington, DC, USA"
,1214442,2633508,,10,,MjYzMzUwOHxTWU5USHxNT05JVE9SfGZjMTM1ZWUwLWJhM2QtNDc1Ni1iNGVmLTNlY2MwMzEzMmJhNQ,,,GCP DEMO,,Scripted Browser,Enabled,"Washington, DC, USA"
,765705,1567277,,1,,MTU2NzI3N3xTWU5USHxNT05JVE9SfDQxZTI5NGU0LTQyNWItNDEwYi05MWY1LTRmMmMyYzNkOTEzMA,,,Video Demo,,Step Monitor,Disabled,"Cape Town, ZA"
,765705,1567277,,1,,MTU2NzI3N3xTWU5USHxNT05JVE9SfDIyNDFmMWE4LTZlODItNDVlZS1iMDVmLWY1ZGJhOTQ3YWI0NA,,,Video Demo,,Scripted Browser,Disabled,"Cape Town, ZA"
,765705,1567277,,10,,MTU2NzI3N3xTWU5USHxNT05JVE9SfDM2OTgzZWNmLTk3MGItNDM0Zi04ZjhkLTNlZjRlNWI4MTc3Nw,,,Video Demo,,Simple Browser,Disabled,"Montreal, Québec, CA"
ACCOUNT_ID,1606862,1606862,ECOMMERCE,1,,MTYwNjg2MnxTWU5USHxNT05JVE9SfGIxMGU1YmJjLTFkNjUtNDMxOS1iMmZmLTMzYWMxOGNiMTk4ZA,,Backend,Demotron V2,Telco,Scripted API,Enabled,"Singapore, SG"
ACCOUNT_ID,2040817,2040817,ECOMMERCE,1,,MjA0MDgxN3xTWU5USHxNT05JVE9SfDRhYjY2MTYzLTQzNDUtNGE1Ny1hYmFlLTdhYjYxYTQxYTA5Nw,,Backend,Demotron Distributed Tracing,Telco,Scripted API,Enabled,"Seoul, KR"
ACCOUNT_ID,2119955,2119955,ECOMMERCE,1,,MjExOTk1NXxTWU5USHxNT05JVE9SfDA1NjNiMTVkLTViMGItNGVhMS05NzljLTZkY2Y5NWJkYjI0NQ,,Backend,Demotron Rotate,Telco,Scripted API,Enabled,"London, England, UK"
DAVI_SM_PASSWORD,1214442,2633508,,5,,MjYzMzUwOHxTWU5USHxNT05JVE9SfDE3NjExOWFjLTQxZTQtNDBiOS1hMzFiLTFlZmNiNGVhNGUyYw,,,GCP DEMO,,Scripted Browser,Enabled,"Washington, DC, USA"
,765705,2246998,,1,,MjI0Njk5OHxTWU5USHxNT05JVE9SfDllMTUzMzMxLTliNDMtNDdmZi05ZmQ0LWZkODRhMWZiMDQ2Yg,,,Demotron_CAS,,Simple Browser,Enabled,"Cape Town, ZA"
,765705,2246998,,1,,MjI0Njk5OHxTWU5USHxNT05JVE9SfGRiZjg1ZTAyLWQzOGEtNGI1YS1hNWEzLTI2MmE5ZGE4ODRjYg,,,Demotron_CAS,,Ping,Enabled,"San Francisco, CA, USA"
,765705,2246998,,1,,MjI0Njk5OHxTWU5USHxNT05JVE9SfDAxYTcwOGI0LTgxNjUtNDdmZC1hYjEzLWI0NTllOWJlNzQ4Mw,,,Demotron_CAS,,Ping,Enabled,"Hong Kong, HK"
,1693364,1693364,,15,,MTY5MzM2NHxTWU5USHxNT05JVE9SfDhhM2VlNGZmLWY5ZjAtNDVkNC1hZWZmLTVhZGQxNzE2OTk1MA,,,Gromit's Electronics,,Scripted Browser,Enabled,"Hong Kong, HK"
,765705,1567277,,1,,MTU2NzI3N3xTWU5USHxNT05JVE9SfDRiY2E3NGRlLWUxZmEtNDFmNC1iYTg1LWZkMDU5YWNkMTJkMQ,,,Video Demo,,Simple Browser,Enabled,"San Francisco, CA, USA"
,765705,2040817,,10,,MjA0MDgxN3xTWU5USHxNT05JVE9SfDU0YjA2NTUyLTExZTItNDdjZS1hNTgwLWIyMDQyOGNmNTMwMQ,,,Demotron Distributed Tracing,,Simple Browser,Enabled,"Montreal, Québec, CA"
,765705,1567277,,30,,MTU2NzI3N3xTWU5USHxNT05JVE9SfGRmNmUwZjIxLTg4YzctNDUxZC05ZTVmLThmMDRmNjgzMmRhNw,,,Video Demo,,Scripted Browser,Enabled,"Washington, DC, USA"
,765705,1567277,,10,,MTU2NzI3N3xTWU5USHxNT05JVE9SfDc4YTFmMGNkLWUxZWYtNDdiZC05NjRjLTVmOGRhNWZkY2EzYQ,,,Video Demo,,Scripted Browser,Enabled,"San Francisco, CA, USA"
,1693364,1693364,,1440,,MTY5MzM2NHxTWU5USHxNT05JVE9SfGMwOWE1MmNjLTA4NjUtNDJkMy04ZGI4LWU1OTNlMWYxNzI5Mw,,,Gromit's Electronics,,Ping,Disabled,"San Francisco, CA, USA"
,1214442,2633508,,5,,MjYzMzUwOHxTWU5USHxNT05JVE9SfDZkNzI2MDM0LTdlZDYtNDNmMy1hZDQ5LWY5YmRkMzliNTczYQ,,,GCP DEMO,,Scripted Browser,Enabled,"San Francisco, CA, USA"
,1214442,2633508,,1,,MjYzMzUwOHxTWU5USHxNT05JVE9SfGEwNjU4YWQ1LWI2YTUtNGNiMS04NmRmLWU5Yjg3YjhhZWNiZA,,,GCP DEMO,,Scripted Browser,Enabled,"San Francisco, CA, USA"
,1214442,2633508,,5,,MjYzMzUwOHxTWU5USHxNT05JVE9SfDEzZGYyOGMxLTM4ZDktNDFkMS1iY2M5LTI5ZDhlZWFkNWIxNA,,,GCP DEMO,,Scripted Browser,Enabled,"San Francisco, CA, USA"
,765705,2040817,,10,,MjA0MDgxN3xTWU5USHxNT05JVE9SfGNlMzJlYjY5LWQ2ZjItNDM4NS1hNWQ4LTUwMTMxZDM5YjhkYw,,,Demotron Distributed Tracing,,Simple Browser,Enabled,"San Francisco, CA, USA"
,765705,2040817,,10,,MjA0MDgxN3xTWU5USHxNT05JVE9SfGFjYWM0ZWNhLTE2NGMtNDI5NS04ZGU0LTFjOTUxNDA3N2QwZQ,,,Demotron Distributed Tracing,,Ping,Enabled,"San Francisco, CA, USA"
,765705,2040817,,10,,MjA0MDgxN3xTWU5USHxNT05JVE9SfDI2MWRlMGYyLWIzZjgtNDY0My05ZjZlLTM4ODJmNGI1MGQwYg,,,Demotron Distributed Tracing,,Scripted Browser,Enabled,"San Francisco, CA, USA"
,765705,1567277,,10,,MTU2NzI3N3xTWU5USHxNT05JVE9SfGM2ZjFlODY4LTk3ZGQtNGNlNi04YjA0LTI0MDQzMzgxZmQ1MA,,,Video Demo,,Scripted Browser,Enabled,"San Francisco, CA, USA"
,1606862,1606862,,30,,MTYwNjg2MnxTWU5USHxNT05JVE9SfDU4MjI0YzcyLTBjMjUtNDJjNS04NzBkLWYzYjA3Mzk2OWUxOA,,,Demotron V2,,Simple Browser,Enabled,"Frankfurt, DE"
,2040817,2040817,,30,,MjA0MDgxN3xTWU5USHxNT05JVE9SfDgwMzgwMzBlLTQxNGUtNGE1Yy1hNDBiLTAwNDJhNDQ2NWM5ZA,MyHighCPULocalSynthetics,,Demotron Distributed Tracing,,Simple Browser,Enabled,
,2119955,2119955,,30,,MjExOTk1NXxTWU5USHxNT05JVE9SfGYyNTFmNDFkLWMzMmItNDA5Mi1iNjZhLTMxMjYxNTEyMDY0Mw,,,Demotron Rotate,,Simple Browser,Enabled,"Singapore, SG"
,765705,2246998,,30,,MjI0Njk5OHxTWU5USHxNT05JVE9SfDM2YTY4MTYzLWMxNDktNDVmYy1hZWFlLWU3ZTk3ZmJhN2M4Ng,,,Demotron_CAS,,Simple Browser,Enabled,"Washington, DC, USA"
,1214442,2633508,,5,,MjYzMzUwOHxTWU5USHxNT05JVE9SfDY4ZTU3ZmRjLWM5YzMtNDc1My1hZjU3LWUzMzgxYWY5OTlmMA,,,GCP DEMO,,Scripted Browser,Enabled,"San Francisco, CA, USA"
,1214442,2633508,,5,,MjYzMzUwOHxTWU5USHxNT05JVE9SfGU2YjcyYzRiLTIwM2EtNDZkNy05ODQ3LTM2OGUzZjZhNDViZQ,,,GCP DEMO,,Scripted Browser,Enabled,"Washington, DC, USA"
,1214442,2633508,,5,,MjYzMzUwOHxTWU5USHxNT05JVE9SfDVjMmViMDQxLWU5ZmYtNDIwNi05NWM2LWU4ZDM0YTViZTRhOQ,,,GCP DEMO,,Scripted Browser,Enabled,"Washington, DC, USA"
,765705,2246998,,5,,MjI0Njk5OHxTWU5USHxNT05JVE9SfDkyM2U3NjY1LTU1YWEtNGZkOS1iMDVhLWM2ZDkwMjI5Njc2Nw,,,Demotron_CAS,,Simple Browser,Disabled,"San Francisco, CA, USA"
,1214442,2633508,,15,,MjYzMzUwOHxTWU5USHxNT05JVE9SfDIyZDMzMGNmLWU0OTktNDNhZi1hYzc4LTVjZjBiMmFlNjk1Yw,,,GCP DEMO,,Simple Browser,Enabled,"São Paulo, BR"
,765705,2040817,,1,,MjA0MDgxN3xTWU5USHxNT05JVE9SfGMwNzZlNDg2LTg0MTYtNDcyYi1iOTFjLTdiNzkyYzkwNGI2ZA,,,Demotron Distributed Tracing,,Scripted Browser,Enabled,"Sydney, AU"
,765705,2040817,,1,,MjA0MDgxN3xTWU5USHxNT05JVE9SfDE2MDljNGYyLTE3OTktNDY1OS1hYTVlLTE3ZDZjYTQzMzNjYg,,,Demotron Distributed Tracing,,Scripted Browser,Enabled,"Sydney, AU"
,2040817,2040817,,5,,MjA0MDgxN3xTWU5USHxNT05JVE9SfDkzNGM1OWNhLThjMWItNDAyYy04NGJlLWE0M2E4Yzc3OGNlNQ,,,Demotron Distributed Tracing,,Ping,Enabled,"Hong Kong, HK"
,1606862,1606862,,5,,MTYwNjg2MnxTWU5USHxNT05JVE9SfGQzMGVlOGFjLThjZDctNDZlYi1iMmEyLWZmZGU4ZTY4ZTVhNg,,,Demotron V2,,Step Monitor,Enabled,"Singapore, SG"
,765705,1567277,,5,,MTU2NzI3N3xTWU5USHxNT05JVE9SfDgzNTliMDgwLTcxOGQtNDA4Ny04ZGZjLWI0MDkyNThiNDNkNw,,,Video Demo,,Ping,Disabled,"Portland, OR, USA"
,1693364,1693364,,10,,MTY5MzM2NHxTWU5USHxNT05JVE9SfDI3NTFiYWMzLTFjNzYtNDZlMC04NDdhLTI1YWU2NjZjMTE1Yg,,,Gromit's Electronics,,Scripted API,Disabled,"Columbus, OH, USA"
,1693364,1693364,,10,,MTY5MzM2NHxTWU5USHxNT05JVE9SfDJiY2IwOWI2LTUzYjMtNDJjOS05MGQxLWMyNjQ3N2EzOGQwNQ,,,Gromit's Electronics,,Scripted Browser,Disabled,"Washington, DC, USA"
,765705,2246998,,5,,MjI0Njk5OHxTWU5USHxNT05JVE9SfDNmNDc1NDY1LTFlZjktNGVjYi05NmE1LTE0ZDNmYjUzMmI0Mg,,,Demotron_CAS,,Scripted API,Disabled,"Washington, DC, USA"
,2040817,2040817,,5,,MjA0MDgxN3xTWU5USHxNT05JVE9SfDdlNjc5ZTJkLTY0YzYtNDRmOC05NTVmLTRhNTY2YWIxY2Q3ZA,,,Demotron Distributed Tracing,,Scripted Browser,Enabled,"Hong Kong, HK"
,765705,1567277,,5,,MTU2NzI3N3xTWU5USHxNT05JVE9SfGVkNDI4ODIyLWNhNjYtNGNkOC1hMjBkLWVkMDViNTUyZDljOQ,,,Video Demo,,Ping,Enabled,"Stockholm, SE"
,765705,1567277,,10,,MTU2NzI3N3xTWU5USHxNT05JVE9SfGM0ZTRlODE3LTQ3NTEtNDFhOC1iYzhjLWQ2NDIxMzY2ZjhhNw,,,Video Demo,,Scripted API,Enabled,"Montreal, Québec, CA"
,765705,1567277,,10,,MTU2NzI3N3xTWU5USHxNT05JVE9SfDRlNGI3M2IxLWUyYzItNDA3OS1hOGVmLWUwM2YxMWY4YWU2ZA,,,Video Demo,,Scripted API,Enabled,"Montreal, Québec, CA"
,765705,1567277,,10,,MTU2NzI3N3xTWU5USHxNT05JVE9SfGQ3YTI4OWE0LWEyNmYtNDU4My1hNzM0LTAzNThhZmY3ZTNjNQ,,,Video Demo,,Scripted API,Enabled,"Columbus, OH, USA"
,2040817,2040817,,5,,MjA0MDgxN3xTWU5USHxNT05JVE9SfDA1ZTNiMWFmLTY1OGMtNDRkZi04Yjg0LTA0MmE5N2MwZTg2YQ,,,Demotron Distributed Tracing,,Simple Browser,Enabled,"Cape Town, ZA"
,1693364,1693364,,10,,MTY5MzM2NHxTWU5USHxNT05JVE9SfGI2YWI1ZDQ2LWM1OGUtNDFmZi05MWVkLWZhZjM0Mzk1NzFjYg,,,Gromit's Electronics,,Simple Browser,Enabled,"Washington, DC, USA"
,1606862,1606862,,15,,MTYwNjg2MnxTWU5USHxNT05JVE9SfDAyMTRmYjYzLWUwOGYtNDY4Zi04MzNhLWUzOGU3MjJmYmM1Mw,,,Demotron V2,,Scripted Browser,Enabled,"Montreal, Québec, CA"
,2040817,2040817,,1,,MjA0MDgxN3xTWU5USHxNT05JVE9SfGNiMWNhZDY1LTdlM2MtNDM3MC1hOTc3LTM4NDcyM2QyZDEyYg,,,Demotron Distributed Tracing,,Ping,Enabled,"Dublin, IE"
,765705,1567277,,5,,MTU2NzI3N3xTWU5USHxNT05JVE9SfGU4YTY3OGQwLTlkZDEtNDMwMy05OTEzLTU2OGNiYzlkNmE2Mg,,,Video Demo,,Ping,Enabled,"San Francisco, CA, USA"
,1606862,1606862,,5,,MTYwNjg2MnxTWU5USHxNT05JVE9SfDcyNDFjMzY3LTliZjYtNDQ0Yi1hN2Q2LWQ1YWUyMWFlMWYyZA,Test,,Demotron V2,,Scripted API,Enabled,"Stockholm, SE"
,2040817,2040817,,5,,MjA0MDgxN3xTWU5USHxNT05JVE9SfDdlNzAyMGE1LWU3Y2MtNDQwNi1iZmYzLTdiMTM2YzA1ZTc0Yg,,,Demotron Distributed Tracing,,Scripted API,Enabled,"Columbus, OH, USA"
,2119955,2119955,,5,,MjExOTk1NXxTWU5USHxNT05JVE9SfDk3MDMyYTEzLWIyYzAtNDRkYy05NWE4LWMzNzAxNDc3YjNjZg,,,Demotron Rotate,,Scripted API,Enabled,"Hong Kong, HK"
,765705,2246998,,5,,MjI0Njk5OHxTWU5USHxNT05JVE9SfDc4ZjFlNmVjLTZlZGYtNDY3Zi1iNjdmLThmNjA4NDg4ZGQ0NA,,,Demotron_CAS,,Scripted API,Enabled,"Montreal, Québec, CA"
,1606862,1606862,,5,,MTYwNjg2MnxTWU5USHxNT05JVE9SfGI0NzZiNTAwLWM2YTQtNDZkMC1iZTE3LTg4ZmYyMjUxMDVlNA,Test,,Demotron V2,,Scripted Browser,Enabled,"Stockholm, SE"
,2040817,2040817,,5,,MjA0MDgxN3xTWU5USHxNT05JVE9SfDMzZjNiNDJmLTExZjctNDRhZC1iZTA1LTI0ZWNjOTY5YWU1MQ,,,Demotron Distributed Tracing,,Scripted Browser,Enabled,"Columbus, OH, USA"
,2119955,2119955,,5,,MjExOTk1NXxTWU5USHxNT05JVE9SfDZkNDU2M2JjLWQwYWUtNDMyOC05NTNlLTViNWRmZjZkYThhNQ,,,Demotron Rotate,,Scripted Browser,Enabled,"Hong Kong, HK"
,765705,2246998,,5,,MjI0Njk5OHxTWU5USHxNT05JVE9SfGY0OGE2ZmRlLTJkZDktNGU0Yy1hYzIyLTZlMGEyN2I0NWNmOQ,,,Demotron_CAS,,Scripted Browser,Enabled,"Montreal, Québec, CA"
,1606862,1606862,,30,,MTYwNjg2MnxTWU5USHxNT05JVE9SfDY2NjQ5NjM1LWEzZTgtNGM0Zi04ZTZjLWU4NGQ4ZjU3NzMyNA,,,Demotron V2,,Ping,Enabled,"Frankfurt, DE"
,2040817,2040817,,30,,MjA0MDgxN3xTWU5USHxNT05JVE9SfGJmZjg1OWYwLWMwZWItNDcxZS04OTc2LTNiNTU4M2IwZDEwMw,MyHighCPULocalSynthetics,,Demotron Distributed Tracing,,Ping,Enabled,
,2119955,2119955,,30,,MjExOTk1NXxTWU5USHxNT05JVE9SfGQxMzBhNzYzLTQ0NGItNDQ5Zi04Yjg3LWU5YjQ2MzgzMjllNg,,,Demotron Rotate,,Ping,Enabled,"Singapore, SG"
,765705,2246998,,30,Ryan,MjI0Njk5OHxTWU5USHxNT05JVE9SfGZiZWQzMTZjLTE0MzMtNDdmOS04MDE3LWZlOWUwZTE1ODY1Nw,,,Demotron_CAS,,Ping,Enabled,"Washington, DC, USA"
,765705,1567277,,10,,MTU2NzI3N3xTWU5USHxNT05JVE9SfDZmOTE3NzJiLWU3NWQtNDM0ZS05N2Q2LTIyYjIzN2M3Zjk1ZA,,,Video Demo,,Scripted Browser,Enabled,"Montreal, Québec, CA"
,2040817,2040817,,15,,MjA0MDgxN3xTWU5USHxNT05JVE9SfGEyY2QzM2YzLTc0NjItNDQwYi05OTg5LTM0MDUwNjIwNjhmZQ,,,Demotron Distributed Tracing,,Simple Browser,Enabled,"Dublin, IE"
,765705,2246998,,5,,MjI0Njk5OHxTWU5USHxNT05JVE9SfGJhZjVkZDE4LTdjYWQtNDE4OS1iYjQ5LTExYmM5YWVkZDkxZQ,,,Demotron_CAS,,Broken Links,Enabled,"Cape Town, ZA"
,765705,2246998,,5,,MjI0Njk5OHxTWU5USHxNT05JVE9SfGZjYzI0MDgyLWExZmYtNDY1Ny1iYzc5LWJiZWJiNjg3MWJmZA,,,Demotron_CAS,,Broken Links,Enabled,"Cape Town, ZA"
